06X3.2X0.3,000100
06X3.2X0.3INCONEL718,008704
06X3.2X0.3SSX12,024650
06X3.2X0.3SSX39,024670
06X3.2X0.3ZC,015612
08X3.2X0.2,000200
08X3.2X0.2SSX10,025250
08X3.2X0.2SSX12,025250
08X3.2X0.3,000300
08X3.2X0.3SSX10,025400
08X3.2X0.4,000400
08X3.2X0.4NICKEL,008868
08X3.2X0.4SSX10,025700
08X3.2X0.5,026200
08X3.2X0.5SSX10,026300
08X4.2X0.2,000550
08X4.2X0.2SSX10,026700
08X4.2X0.3,000600
08X4.2X0.3INCONEL718,006526
08X4.2X0.3SSX10,027100
08X4.2X0.3SSX39,027000
08X4.2X0.4,000700
08X4.2X0.4SSX10,027400
08X4.2X0.4SSX39,027300
08X4.2X0.5NIMONIC,
100X41X4,518500
100X41X4SSX22,174704
100X41X4STACK 4,304121
100X41X4ZC,
100X41X5,518600
100X41X5SP,180107
100X41X5SSX22,174752
100X41X5STACK4,302348
100X41X5ZC,015489
100X51X2.7,518750
100X51X2.7ZC,
100X51X2.8,020313
100X51X3.5,518800
100X51X3.5LOADTESTED,005863
100X51X3.5SSX22,176002
100X51X3.5ZC,
100X51X4,518900
100X51X4INCONEL,015617
100X51X4NICKEL,010571
100X51X4ZC,
100X51X5,519000
100X51X5SP,
100X51X5SSX39,176500
100X51X5ZC,
100X51X6GR2,519150
100X51X6GR2SP,180115
100X51X6GR2ZC,015064
100X51X6GR3,019100
100X51X6GR3MARKED,020733
100X51X6SSX39,176900
100X51X7,019160
100X51X7SP,177104
100X61X4,
100X67.8X5,004891
100X71X2.5,179450
10X3.2X0.3,000800
10X3.2X0.3MICROSEAL,
10X3.2X0.3SSX10,028910
10X3.2X0.4,000900
10X3.2X0.5,001000
10X3.2X0.5NIMONIC 90,006524
10X4.2X0.4,001100
10X4.2X0.4SSX10,029602
10X4.2X0.4SSX35,029600
10X4.2X0.5,001200
10X4.2X0.5SSX10,029701
10X4.2X0.6,014821
10X5.2X0.25,001300
10X5.2X0.25SSX12,030290
10X5.2X0.35 50CRV4,015346
10X5.2X0.4,001400
10X5.2X0.4 51CRV4,030670
10X5.2X0.4SSX10,030800
10X5.2X0.4SSX39,030700
10X5.2X0.4ZC,016596
10X5.2X0.5,001500
10X5.2X0.5 51CRV4,002991
10X5.2X0.5CUBE,031160
10X5.2X0.5INCONEL750,016591
10X5.2X0.5SSX10,031000
10X5.2X0.5SSX39,030900
112X57X3,519250
112X57X3SSX7,006671
112X57X4,519300
112X57X4.65,183450
112X57X6.8,183870
112X57X6.8 LO,022071
112X57X6GR2,519450
112X57X6GR3,019400
112X57X6SP,
119X57.7X2.5SSX10,016093
12.5X5.2X0.5,002300
12.5X6.2X0.35,002050
12.5X6.2X0.35  ALCOA,002050
12.5X6.2X0.35SSX12,035103
12.5X6.2X0.5,002500
12.5X6.2X0.5-MPI,
12.5X6.2X0.5INCONEL,009722
12.5X6.2X0.5JBD286Q,
12.5X6.2X0.5JLD286B,
12.5X6.2X0.5SSX10,035400
12.5X6.2X0.5SSX35,035300
12.5X6.2X0.6,035510
12.5X6.2X0.7,002700
12.5X6.2X0.7-MPI,
12.5X6.2X0.7INCONEL,009723
12.5X6.2X0.7JBD286P,
12.5X6.2X0.7JLD286A,
12.5X6.2X0.7SSX12,035601
12.5X6.2X0.7SSX35,
12.5X6.2X1,000891
12.5X6.55X1,037005
12.5X6.55X1ASSEM,
120.65X63.5X5.23,187860
120.65X63.5X6.86,187870
125X41X4,519500
125X51X4,519600
125X51X5,519700
125X51X5GEOMET321,022548
125X51X6GR2,519850
125X51X6SP,
125X51X6ZC,
125X61X5,519900
125X61X5TESTED,024004
125X61X5TESTED 3000#,024007
125X61X5X8.10,
125X61X5X8.43,
125X61X6 SPECIAL,021095
125X61X6GR2,520050
125X61X6GR3,190450
125X61X6SP,190451
125X61X6STACK7,311968
125X61X6ZC,
125X61X8,020100
125X61X8SP,
125X61X8SSX22,001490
125X64X3.5,520200
125X64X3.5NICKEL,023710
125X64X3.5STACK,
125X64X3.5ZC,
125X64X5,520300
125X64X8,020400
125X64X8GEOMET,018670
125X64X8SP,190004
125X64X8STACK4 VOITH,
125X71X10,020700
125X71X10SP,193151
125X71X10ZC,
125X71X6BAKER,010525
125X71X6GR2,520550
125X71X6GR3,020500
125X71X6STACK8,311983
125X71X6ZC,
125X71X8,020600
125X71X8SP,
125X71X8ZC,
127X77.8X7.95,195100
129.9X110X2SSX10,021868
12X4.2X0.4,001600
12X4.2X0.4EATON,
12X4.2X0.4SSX10,032040
12X4.2X0.5,001700
12X4.2X0.5EATON,
12X4.2X0.5GROUND,001518
12X4.2X0.5SSX12,032500
12X4.2X0.6,001800
12X4.2X0.6 HUSCO,005738
12X4.2X0.6EATON,
12X4.2X0.6HUSCO,
12X4.2X0.6LOCONTROLLED,009686
12X4.2X0.6SSX12,032704
12X4.2X0.6UNPRESSED,
12X5.2X0.5,001900
12X5.2X0.5SSX12,033400
12X5.2X0.6,002000
12X5.2X0.6 51CRV4,010448
12X5.2X0.6JBD286Z,
12X5.2X0.6SSX10,033500
12X6.2X0.5,002100
12X6.2X0.5HUSCO,017143
12X6.2X0.5SSX10,034200
12X6.2X0.5SSX39,034100
12X6.2X0.6,002200
12X6.2X0.6 CLEAN,013205
12X6.2X0.6DYEPENNETR,
12X6.2X0.6SSX10,034550
12X6.2X0.6SSX12,
12X6.2X0.6SSX35,034500
12X6.2X0.9,004219
13.84X7.18X0.35,007443
132.5X60.35X3,017556
140X72X3.8,520850
140X72X3.8SSX22,199160
140X72X4.3,005632
140X72X5,520900
140X72X5SP,
140X72X8,021000
14X7.2X0.35,002750
14X7.2X0.35 51CRV4,038317
14X7.2X0.35ZC,
14X7.2X0.5,002800
14X7.2X0.5 50CRV4,003758
14X7.2X0.5SSX12,038600
14X7.2X0.5SSX35,038500
14X7.2X0.8,002900
14X7.2X0.8  50CRV4,005976
14X7.2X0.8SSX10,039040
14X7.2X0.8SSX12,
14X7.2X0.8SSX39,039000
14X7.2X0.8ZC,015178
150X61X4,
150X61X5,521100
150X61X6GR2,521250
150X61X6SP,202752
150X71X6GR2,021350
150X71X6HAMSTD,203160
150X71X6ZC,015488
150X71X8,021400
150X71X8BAKER,
150X81X10,021600
150X81X10SP,204159
150X81X8,021500
150X81X8STACK,300812
159X111X2.5,016224
15X5.2X0.2,000260
15X5.2X0.4,003000
15X5.2X0.4SSX10,039500
15X5.2X0.4SSX39,039475
15X5.2X0.4ZC,017461
15X5.2X0.5,003100
15X5.2X0.5HUSCO,017159
15X5.2X0.5SSX10,039800
15X5.2X0.6,003200
15X5.2X0.6EATON,
15X5.2X0.6NICKEL,
15X5.2X0.6SSX10,039971
15X5.2X0.7,003300
15X5.2X0.7EATON,
15X5.2X0.7SSX10,040130
15X6.2X0.5,003500
15X6.2X0.5EATON,
15X6.2X0.5SSX39,040949
15X6.2X0.6,003600
15X6.2X0.6EATON,
15X6.2X0.6HUSCO,015571
15X6.2X0.6ZINC,
15X6.2X0.7,003700
15X6.2X0.7SSX12,041700
15X6.2X0.7SSX39,
15X8.2X0.4,042000
15X8.2X0.5,042210
15X8.2X0.5ZC,016587
15X8.2X0.7,003800
15X8.2X0.7 51CRV4,024665
15X8.2X0.7SSX10,042400
15X8.2X0.8,003900
15X8.2X0.8SSX12,042601
160X82X10,021800
160X82X4.3,521650
160X82X4.3GEOMET,
160X82X6GR2,521750
16X8.2X0.4,004100
16X8.2X0.4SSX10,043750
16X8.2X0.6,004300
16X8.2X0.6SSX12,044000
16X8.2X0.6ZC,016435
16X8.2X0.7,004400
16X8.2X0.7SSX10,044101
16X8.2X0.7ZC,043960
16X8.2X0.8,004500
16X8.2X0.8BARTELL,004500
16X8.2X0.8SSX39,044202
16X8.2X0.9,004600
16X8.2X0.9COBRA,
16X8.2X0.9SP,044231
16X8.2X0.9SSX12,044400
16X8.2X0.9SSX39,044300
17.5X11.1X1.1,003608
180X92X10,022000
180X92X13,
180X92X4.8,521850
180X92X6GR2,521950
189X141X2,025136
18X6.2X0.4,004700
18X6.2X0.4SSX10,045800
18X6.2X0.4SSX35,045700
18X6.2X0.4ZC,
18X6.2X0.5,004800
18X6.2X0.5 51CRV4,046115
18X6.2X0.5INCONEL718,020903
18X6.2X0.5SSX10,046003
18X6.2X0.5SSX35,046000
18X6.2X0.6,004900
18X6.2X0.6 50CRV4,014244
18X6.2X0.6HUSCO,023893
18X6.2X0.6INCONEL,010111
18X6.2X0.6SSX10,046252
18X6.2X0.6SSX35,046250
18X6.2X0.7,005000
18X6.2X0.7SSX12,046400
18X6.2X0.7SSX35,045700
18X6.2X0.8,005100
18X6.2X0.8SSX10,046505
18X6.2X0.8SSX35,046500
18X6.2X0.8ZC,015145
18X6.2X0.8ZY,
18X8.2X0.5,005200
18X8.2X0.5SSX10,046924
18X8.2X0.5ZC,015490
18X8.2X0.7,005300
18X8.2X0.7INCONEL,006745
18X8.2X0.7SSX10,047070
18X8.2X0.8,005400
18X8.2X0.8 51CRV4,047360
18X8.2X0.8SSX10,047300
18X8.2X0.8STACK50,
18X8.2X0.8ZY,
18X8.2X1,005500
18X8.2X151CRV4,047660
18X8.2X1SSX10,047691
18X9.2X0.45,005550
18X9.2X0.45SSX10,047910
18X9.2X0.7,005600
18X9.2X0.7SSX10,048050
18X9.2X0.7SSX39,048000
18X9.2X1,005700
18X9.2X1HUSCO,013729
18X9.2X1SP,
18X9.2X1SSX10,
18X9.2X1STACK,
18X9.2X1STACK144,
190.5X98.4X7.54,217000
200X102X10,022800
200X102X10GEOMET,
200X102X12,022900
200X102X14,023000
200X102X5.5,522650
200X102X5.5ZC,
200X102X8,022700
200X102X8GEOMET,
200X112X12,023100
200X112X14,023200
200X112X16,023300
200X112X16 STACK,
200X112X6,024346
200X82X10,022200
200X82X10SP,
200X82X12,022300
200X82X8,022100
200X92X10,022400
200X92X12,022500
200X92X14,022600
203.2X98.4X9.9,220549
20X10.2X0.4,052700
20X10.2X0.5,006300
20X10.2X0.5SSX10,052803
20X10.2X0.5SSX39,052741
20X10.2X0.5ZC,015008
20X10.2X0.6SSX10,052804
20X10.2X0.8,006400
20X10.2X0.8 51CRV4,553380
20X10.2X0.8SSX10,053500
20X10.2X0.8SSX39,053400
20X10.2X0.8ZC,015003
20X10.2X0.9,006500
20X10.2X0.950CRV4,053620
20X10.2X0.9SSX10,
20X10.2X0.9SSX39,053700
20X10.2X1,006600
20X10.2X1.1,006700
20X10.2X1.1 50CrV4,001290
20X10.2X1.1SP,
20X10.2X1.1SPLOADTST,019910
20X10.2X1.1SSX12,054380
20X10.2X1.1SSX35,
20X10.2X1.25,506800
20X10.2X1.25SP,055240
20X10.2X1.25SSX10,055280
20X10.2X1.25SSX39,055300
20X10.2X1.25STACK10,303683
20X10.2X1.5,506900
20X10.2X1.5SSX10,055650
20X10.2X1.5SSX12,
20X10.2X1.5SSX35,
20X10.2X1.5SSX7,021637
20X10.2X1SP,053835
20X10.2X1SSX10,053901
20X10.2X1SSX35,053900
20X10.2X1STACK132,303217
20X10.2X1ZC,
20X8.2X0.5,
20X8.2X0.6,005800
20X8.2X0.6SSX10,051100
20X8.2X0.6SSX39,050980
20X8.2X0.7,005900
20X8.2X0.7INCONEL750,016591
20X8.2X0.7SSX10,052270
20X8.2X0.8,006000
20X8.2X0.9,006100
20X8.2X1,006200
20X8.2X1SSX10,051761
21.8X12.3X0.35SSX10,056345
215.9X142X18,
216X156X4.5,
216X156X5.5,017505
22.5X11.2X0.6,007000
22.5X11.2X0.6SSX10,057710
22.5X11.2X0.8,007100
22.5X11.2X0.8SSX10,057903
22.5X11.2X0.8XSSX12,057903
22.5X11.2X1.25,507200
22.5X11.2X1.25SSX10,058001
225X112X12,023500
225X112X6.5,023350
225X112X8,023400
225X112X8GEOMET,023616
225X127X6.5,
23.9X11.2X1.1,063091
23X10.2X0.9,007800
23X10.2X1,007900
23X10.2X1.25,508000
23X10.2X1.25SSX10,060901
23X10.2X1SSX12,060600
23X12.2X1,008100
23X12.2X1.25,508200
23X12.2X1.25SP,
23X12.2X1.25SSX10,061600
23X12.2X1.25SSX39,061800
23X12.2X1.5,508350
23X12.2X1.5 STACK A,302677
23X12.2X1.5 STACK B,302678
23X12.2X1.5 STACK C,302679
23X12.2X1.5SSX10,061951
23X12.2X1.5SSX35,061950
23X12.2X1.5ZC,015530
23X12.2X1.5ZCSTACK14,
23X12.2X1SSX10,001922
23X8.2X0.7,007400
23X8.2X0.7INCONEL,023169
23X8.2X0.7NICKEL,
23X8.2X0.7SSX10,058950
23X8.2X0.7SSX35,059100
23X8.2X0.8,007500
23X8.2X0.8SSX10,059210
23X8.2X0.9,007600
23X8.2X0.9 51CrV4,058418
23X8.2X0.9SSX10,059400
23X8.2X1,007700
23X8.2X1SSX10,059504
245-100,
245-400,
245-500,
250X102X10,023600
250X102X12,023700
250X127X10,023800
250X127X12,023900
250X127X14,024000
250X127X14GEOMET,
250X127X16,024100
250X127X7,023750
25X10.2X1,008600
25X10.2X1SSX10,063827
25X12.2X0.7,008700
25X12.2X0.7SSX10,064400
25X12.2X0.7ZC,015009
25X12.2X0.9,008800
25X12.2X0.9 51CrV4,165490
25X12.2X0.9SSX10,064900
25X12.2X0.9SSX39,064800
25X12.2X1,008900
25X12.2X1.25,509000
25X12.2X1.25SP,
25X12.2X1.25SSX10,065129
25X12.2X1.5,509100
25X12.2X1.5SSX10,065400
25X12.2X1.5SSX22,065500
25X12.2X1.5ZC,065168
25X12.2X1.75,
25X12.2X1SP,
25X12.2X1SSX10,065104
27.7X14.4X0.8X1.8,070440
27.9X15.4X0.8,004898
270X240X2.5SSX10,013762
27X11X3,451920
28.07X15X1.1SSX10,008636
28.6X14.4X1.1X1.85,5902138
28X10.2X0.8,009200
28X10.2X0.8SSX10,071600
28X10.2X1,009300
28X10.2X1 MOLYKOTE,014725
28X10.2X1.25,509400
28X10.2X1.25SSX10,
28X10.2X1.5,509500
28X10.2X1.5SSX10,072105
28X10.2X1.5SSX22,072104
28X10.2X1SSX10,071752
28X12.2X1,009600
28X12.2X1.25,509700
28X12.2X1.5,509800
28X12.2X1.5GEOMET,
28X12.2X1.5SSX10,073300
28X12.2X1.5SSX35,073200
28X14.2X0.4STACK3,302976
28X14.2X0.4STACK3-03,302977
28X14.2X0.5STACK3,302842
28X14.2X0.8,009900
28X14.2X0.8SP,170077
28X14.2X0.8SP ZINC,015784
28X14.2X0.8SSX10,075260
28X14.2X1,010000
28X14.2X1.25,510100
28X14.2X1.25SSX10,075925
28X14.2X1.25ZC,
28X14.2X1.5,510200
28X14.2X1.5SSX10,076160
28X14.2X1.5SSX7,076098
28X14.2X1.5ZC,015198
28X14.2X151CRV4,111184
28X14.2X1SSX10,075700
28X14.2X1SSX10 PASSIVATED,5913577
28X16.75X1.25,009775
28X21.2X1.25,078124
29.7X17.4X0.8,001861
300X172X7,237285
31.5X12.2X1,010300
31.5X12.2X1.25,510400
31.5X12.2X1.5,010500
31.5X12.2X1.5SSX10,082303
31.5X12.2X1SS/SUNDST,
31.5X12.2X1SSX10,082253
31.5X16.3X0.8,010650
31.5X16.3X0.8 51CRV4,012004
31.5X16.3X0.8SSX10,082801
31.5X16.3X0.8SSX35LT,005183
31.5X16.3X0.8SSX39,082800
31.5X16.3X0.8ZC,015010
31.5X16.3X1.25,510700
31.5X16.3X1.25EATON,017386
31.5X16.3X1.25INCONEL718,
31.5X16.3X1.25SSX10,004842
31.5X16.3X1.25STACK6,
31.5X16.3X1.5,510800
31.5X16.3X1.5SP,
31.5X16.3X1.5SSX10,083800
31.5X16.3X1.5STACK#2,303698
31.5X16.3X1.5STACK34,302974
31.5X16.3X1.5ZC,016642
31.5X16.3X1.75,510900
31.5X16.3X1.75SSX10,084493
31.5X16.3X1.75SSX39,084200
31.5x16.3x1.75STACK16,303830
31.5X16.3X1.75ZC,084008
31.5X16.3X2,511000
31.5X16.3X2METCLEAN,019397
31.5X16.3X2NIMONIC,084810
31.5X16.3X2SP,084725
31.5X16.3X2SSX12,084800
31.5X16.3X2SSX35,015693
31.5X16.3X2SSX7,019891
31.5X16.3X2STACK-10,
31.5X16.3X2ZC,022649
31.5X16.3X2ZCSTACK10,
31.5X17.17X1.5BLANK,
31.5X17.17X1.5REV F,
31.5X17.25X2SP,006866
31.5X17.27X1.5CLEAN,085009
31.5X17.27X1.5VACCAD,
31.75X13.5X1.5,010631
31.75X13.5X1.75,
317.5X168.3X27,236270
34.5X25.4X0.5SSX39,092202
34.7X17.65X1.5,093091
34.7X21.2X1.25,007551
34.8X16.3X0.8SSX39,014769
34.92X16.18X1,017470
34.93X16X0.81CUBE2,007504
34X12.3X1,011100
34X12.3X1.25,511200
34X12.3X1.25SSX10,088046
34X12.3X1.5,511300
34X12.3X1.5SSX10,088300
34X12.3X1SP,
34X12.3X1SSX10,087900
34X14.3X1.25,511400
34X14.3X1.25SSX10,089321
34X14.3X1.5,511500
34X14.3X1.5SSX10,089400
34X14.3X1.5SSX10 FB,089401
34X14.3X1.5SSX35,089370
34X14.3X1.5ZC,015722
34X14.3X1.5ZCSTACK8,
34X16.3X1.5,511600
34X16.3X1.5INCONEL750,022002
34X16.3X1.5STACK15,300963
34X16.3X1SSX10,
34X16.3X2,511700
34X16.3X2SP,180020
34X16.3X2SSX10,091100
34X16.3X2SSX22,
35.5X18.3X0.9,011850
35.5X18.3X0.9SSX10,004543
35.5X18.3X0.9SSX39,093705
35.5X18.3X1.25,511900
35.5X18.3X1.25SSX10,004616
35.5X18.3X1.25STACK3,304071
35.5X18.3X2,512000
35.5X18.3X2.25,015537
35.5X18.3X2SP,
35.5X18.3X2SSX10,093683
35.5X18.3X2SSX7,094210
35.5X22.4X2.25SP,015247
355X159X8,
36.6X20.4X0.9X2.10,007232
368X273X27,
37.9X23.9X1SSX10,023725
38.6X22.6X2.5,097508
40X14.2X2,018996
40X14.3X1.25,512100
40X14.3X1.25-MPI,
40X14.3X1.25SSX10,099423
40X14.3X1.5,512200
40X14.3X2,512300
40X16.3X1.5,512400
40X16.3X1.5INCONEL718,000046
40X16.3X1.5SP,100486
40X16.3X1.5SSX10,100503
40X16.3X2,512500
40X16.3X2 (1X8),
40X16.3X2 MM,100801
40X16.3X2SSX10 FB,089400
40X18.3X2,512600
40X18.3X2SP,180030
40X18.3X2SSX10,101755
40X20.4X1,012700
40X20.4X1 51CRV4,012006
40X20.4X1.25,017844
40X20.4X1.5,512800
40X20.4X1.5 BLACK OXIDE,
40X20.4X1.5SSX10,103000
40X20.4X1.5STACK2,300868
40X20.4X1.5ZY,
40X20.4X1/STACK,301387
40X20.4X1SSX10,102531
40X20.4X1SUNDSTRAND,000721
40X20.4X1X39,102530
40X20.4X2,512900
40X20.4X2.25,513000
40X20.4X2.25SP,103916
40X20.4X2.25SSX10,103953
40X20.4X2.25SSX22,104300
40X20.4X2.25SSX39,104200
40X20.4X2.5,513100
40X20.4X2.5LOWLOAD,015172
40X20.4X2.5MAROTTA,013990
40X20.4X2.5SP,104404
40X20.4X2.5SSX10,104465
40X20.4X2.5SSX22,104800
40X20.4X2.5TURNED,013100
40X20.4X2.5ZC,015393
40X20.4X2SP,
40X25.9X2,002859
41X26X1.65,004897
44.6X17.6X1,004901
44.6X17.6X1.05,004902
44.6X17.6X1.1,004903
44.6X17.6X1.15,004904
44.6X17.6X1.2,004905
45X22.4X1.25,513250
45X22.4X1.25SSX10,004443
45X22.4X1.25SSX10SP,021087
45X22.4X1.25SSX12,018155
45X22.4X1.25X12 LOAD,110412
45X22.4X1.75,513300
45X22.4X1.75SSX10,110501
45X22.4X1.75STACK,
45X22.4X1.75ZC,016497
45X22.4X1.75ZCSTACK,
45X22.4X2.5,513400
45X22.4X2.5SP,
45X25.4X1.25X2.55,010244
46.12X20.5X6DELTA,703031
50.74X16.05X0.9,020249
50X16.25X0.8INCONEL,021238
50X18.3X1.25,505764
50X18.4X1.25,513500
50X18.4X1.25SSX10,115970
50X18.4X1.5,013625
50X18.4X1.5 HIGHTOL,513600
50X18.4X1.5SSX10,116300
50X18.4X2,513700
50X18.4X2.5,513800
50X18.4X2.5SSX10,116901
50X18.4X3,513900
50X20.4X2,514000
50X20.4X2.5,014100
50X20.4X2.5STACK2,300303
50X20.4X2.5STACK3,300305
50X20.4X2SSX10,117400
50X22.4S2.5SSX22,118600
50X22.4X2,514200
50X22.4X2.5,514300
50X22.4X2.5SSX10,003023
50X22.4X2.5SSX22,118600
50X25.4X1.25,514400
50X25.4X1.25SSX10,014401
50x25.4x1.25SSX10 TURNED,119950
50X25.4X1.5,514500
50X25.4X1.5SP,023505
50X25.4X1.5SSX10,120103
50X25.4X1.5STACK,303824
50X25.4X1.5STACK15,300484
50X25.4X2,514600
50X25.4X2 LO 3.4 STACK-8,302712
50X25.4X2-718,
50X25.4X2.25STACK3,300688
50X25.4X2.5,514700
50X25.4X2.5SP,120631
50X25.4X2.5SSX10,120801
50X25.4X2.5SSX39,120800
50X25.4X2.5SSX7,001889
50X25.4X2LOADTEST,300248
50X25.4X2LOADTESTED,017593
50X25.4X2SP,120231
50X25.4X2SSX10,120400
50X25.4X2SSX10 PASS LT,004833
50X25.4X2SSX39,120300
50X25.4X2STACK9,300836
50X25.4X2STACK96,
50X25.4X3,514800
50X25.4X3INCONEL750,022001
50X25.4X3SP,120915
50X25.4X3SSX7,120955
51.2X32X1.8,123376
51.2X35.3X1.65,012214
52X30.5X2,001860
53.5X38X0.4,125102
54X28.5X2,004670
56X28.5X1.22,023018
56X28.5X1.5,514950
56X28.5X1.5SSX10,128599
56X28.5X2,515000
56X28.5X2 LO3.60,301846
56X28.5X2.5,528900
56X28.5X3,515100
56X28.5X3SP,
57X36X1.5 (-103B),303424
57X36X1.75 (-101 B),303423
59.06X23.4X0.8STACK,305191
59.7X38.5X0.4,130716
60X20.5X2,515200
60X20.5X2.5,515300
60X20.5X2ZC,015036
60X20.5X3,515400
60X20.5X3ZC,019482
60X25.5X2.5,515500
60X25.5X2.5GEOMET,017865
60X25.5X2.5LOADTEST,000722
60X25.5X2.5STACK2,300306
60X25.5X3,515600
60X25.5X3SP,
60X25.5X3STACK15,304187
60X30.5X2.5,515700
60X30.5X2.5 STACK,300252
60X30.5X2.5SP,133255
60X30.5X2.5SSX10,113193
60X30.5X2.5STACK4,300661
60X30.5X2.5STACK4-2,304113
60X30.5X2.5STACK4-3,304114
60X30.5X2.75STACK2,300181
60X30.5X3,515800
60X30.5X3.5,515900
60X30.5X3.5SP,133753
60X30.5X3.5SSX39,133750
60X30.5X3.5ZC,014948
60X30.5X3GEOMET,023806
60X30.5X3GEOMET STACK,
60X30.5X3SP,133405
60X30X2,132500
60X48.5X1.8,004893
61.5X40.5X0.7,
61.5X48X0.8,020435
63.4X32X1.1INCONEL,020278
63X31X1.8,516050
63X31X2.5,516100
63X31X2.5 MOLYKOTE,
63X31X2.5SSX22,138600
63X31X3,516200
63X31X3.5,516300
63X31X3.5SP,
63X31X3.5ZC,
63X44.15X1.80LOADTEST,009958
63X49.6X2NICKEL,306991
64.2X40.4X5.08,903198
64.5X20.5X1.9 STK3,300102
64.5X20.5X1.9 STK4,300606
65X51X3NICKEL,023389
68X40.5X2.25,019642
7.39X3.3X0.4 OILED,011878
70X25.5X2,516400
70X25.5X2SSX7,014245
70X30.5X2.5,516500
70X30.5X3,516600
70X30.5X3 STACK,300251
70X30.5X3ZC,515844
70X33.3X2.5,146850
70X33.3X4,146950
70X35.5X3,516700
70X35.5X3.17INCONEL,016595
70X35.5X3.5,
70X35.5X3INCONEL,
70X35.5X3SSX22,147800
70X35.5X3SSX35,147700
70X35.5X3STACK2,300744
70X35.5X4,516800
70X35.5X4SP,
70X35.5X4STACK 42,310200
70X40.5X3,550300
70X40.5X4,516900
70X40.5X4SP,
70X40.5X5,517000
70X40.5X5ZC,015389
71.1X36X2 (-101 A),303428
71.1X36X2 (-103 A),303429
71X35.31X1.9X4.56,310310
71X35.3X1.85,310321
71X36X2,517100
71X36X2.5,517200
71X36X2.5SSX10,153110
71X36X2.5STACK,
71X36X2STACK,300856
71X36X2STACK6,301847
71X36X2ZC,015292
71X36X4,517300
71X36X4SP,
71X36X4SSX22,310346
71X36X4STACK,
71X36X4STACK14,
71X36X4STACK24,
74X30X1INCONEL718,
78.9X48.4X4,004892
79.8X41.1X3.5,
80.60X48.70X1.5,019105
80X31X2.5,517400
80X31X2.5ASSEM,310555
80X31X2.5SP,
80X31X3,517500
80X31X4,517600
80X31X4SP,160155
80X36X3,517700
80X36X3ZC,017760
80X36X4,517800
80X36X4KOLLMORGAN,017810
80X36X4ZC,
80X41.12X3 STACK,301179
80X41.13X3 STACK,301607
80X41X2,016144
80X41X2.25,517850
80X41X2.25SSX10,161220
80X41X3,517900
80X41X3 STACK,300249
80X41X3SSX10,161420
80X41X3SSX22,161475
80X41X4,518000
80X41X4GMPT,161645
80X41X4SP,180097
80X41X5,518100
80X41X5SP,015627
80X41X5SSX39,
80X43X3 STACK,300250
80X48X1.8NIMONIC,017714
80X51X4SSX22,017861
80X60X1.75,016512
81.75X57.48X1,164391
88X53.34X2.5 LO 5.7 TURNED,302685
9.6X3.9X0.3,005522
90.4X76X3.5NICKEL,023068
90X40.5X2.5 LO 5.50,018330
90X46X2.5,518200
90X46X2.5SP,
90X46X2.5SSX10,169200
90X46X3.5,518300
90X46X3.5 LOADTESTED,300247
90X46X3.5GEOMET,
90X46X5,518400
90X46X5SP,
90X46X5SSX39,169645
90X47.57X2.5MONARCH,024570
90X47.57X3.5MONARCH,169981
93.45X64.8X6,008859
94.5X80.5X0.9,001247
99.4X75X3NICKEL,306992
BR03,401317
BR04,401114
BR05,401115
BR06,401222
BR08,401318
BR10,401223
BR12,401319
BZ03,
GZ03,401029
GZ04,401028
GZ05,401205
GZ06,401159
GZ08,401126
GZ10,401156
GZ12,401157
GZ14,401320
GZ16,401158
GZ20,401321
HDS02,700000
HDS02.5,700100
HDS02.5ZC,702120
HDS02NICKEL,701307
HDS02ZC,702110
HDS02ZP,
HDS03,700200
HDS03.5,700300
HDS03.5SS,700421
HDS03.5STACK100,
HDS03.5ZC,702140
HDS03.5ZY,700380
HDS03X7,700201
HDS03X7PASS,
HDS03ZC,702130
HDS03ZY,700280
HDS04,700400
HDS04ZC,702150
HDS04ZY,700480
HDS05,700500
HDS05X39,700521
HDS05X7,700446
HDS05ZC,702160
HDS05ZY,700580
HDS06,700600
HDS06NICKEL,
HDS06X7,700601
HDS06ZC,702170
HDS06ZY,700680
HDS07,700765
HDS07ZC,702180
HDS08,700800
HDS0880718,
HDS08X7,700821
HDS08ZC,702190
HDS08ZY,
HDS10,700900
HDS10F80718,
HDS10X7,700901
HDS10ZC,702200
HDS10ZY,700980
HDS12,701000
HDS12X7,701001
HDS12ZC,702210
HDS12ZY,701080
HDS14,701100
HDS14ZY,
HDS16,701265
HDS16GEOMET,701420
HDS16GEOMET500B,
HDS16SS,701202
HDS16ZC,702230
HDS16ZY,701280
HDS18,701330
HDS18DELTA,702894
HDS18PHOS,701365
HDS18ZC,702240
HDS20,701465
HDS20SS,701396
HDS20ZC,702250
HDS22,701565
HDS22ZC,702260
HDS24,701600
HDS24PH,701665
HDS24ZC,702270
HDS26 SPECIAL,700282
HDS27,701765
HDS27TUTHILL,701554
HDS27ZC,702280
HDS27ZY,
HDS3.5STACK,
HDS30,701800
HDS30F10H13,
HDS30TUTHILL,701428
HDS30ZC,702290
HS06,416320
HS06 BLANK,
HS06 NICKEL PLATE,
HS06DELTA,401602
HS06GEOMET,401175
HS06ZN,431510
HS06ZY,417880
HS08,416520
HS08DELTA,401603
HS08ZN,431520
HS08ZY,422402
HS10,423220
HS10 DELTA,401604
HS10SS,400624
HS10ZN,431530
HS10ZY,424639
HS12,426400
HS12 DELTA,401605
HS12GEOMET,437824
HS12NICKEL,
HS12ZN,431540
HS14,429320
HS14 DELTA,401606
HS14ZC,431550
HS14ZN,
HS16,430900
HS16 DELTA,401607
HS16 SPECIAL,401326
HS16ZC,431560
HS16ZY,
HS18,433750
HS18NICKEL,
HS20,435320
HS20 DELTA,401609
HS20 GE,435321
HS20NICKEL,
HS20ZC,431580
HS22,436620
HS22ZC,431590
HS24,439150
HS24 DELTA,401611
HS24 GEOMET321,401025
HS24ZC,431600
HS27,440100
HS30,442650
K6000SL,242150
K6001,242300
K6001   LOAD TESTED,242300
K6001SL,242250
K6001SSX10,070500
K6006,243500
K6006SL,243450
K6008,243700
K6009,244000
K6009SL,243950
K6012,244600
K6012SL,244550
K6015,245100
K6200,242500
K6200SLOTTED,242450
K6201,242600
K6201SLOTTED,242550
K6201SSX12,085603
K6202,242900
K6202SL,242850
K6202SSX10,093101
K6203,243100
K6203SL,243050
K6204,243300
K6204SL,243250
K6204STACK2,301450
K6204ZC,015482
K6205,243400
K6205SL,243350
K6206,243600
K6206M,
K6206SLOTTED,243550
K6206SS,136706
K6207,243900
K6208,244200
K6208HIGHLOAD,019080
K6208SLOTTED,244150
K6209,244300
K6209 MPI,
K6210,244500
K6210SL,244450
K6211,244800
K6212,245000
K6213,245300
K6214,245400
K6215,245600
K6216,245800
K6217,246000
K6218,246200
K6219,246400
K6220,246600
K6221,246800
K6222,247000
K6222SSX10,006414
K6224,247100
K6226,247300
K6228,247500
K6230,247700
K6232,247900
K6234,248100
K6236,248200
K6238,248300
K6240,248400
K6300,242800
K6300SLOTTED,242750
K6301,243000
K6301SL,242950
K6302,243200
K6302SL,243150
K6306,243800
K6306SLOTTED,243750
K6307,244100
K6307SLOTTED,244125
K6307ZC,
K6308,244400
K6309,244700
K6310,244900
K6311,245200
K6312,245500
K6313,245700
K6314,245900
K6315,246100
K6316,246300
K6317,246500
K6318,246700
K6319,246900
K6321,247200
K6324,247600
K6326,247800
K6328,248000
KEL3,241200
KEL3SL,241150
KEL3X10,028600
KEL4,241400
KEL4SL,241350
KEL4X10,037500
KEL5,241600
KEL5SL,241650
KEL5SLSSX10,241660
KEL6,241700
KEL6SL,241675
KEL7,241800
KEL7SL,241750
KEL7SSX10,049400
KEL8,241900
KEL8SL,241850
KEL8X10,056345
KEL9,242100
KEL9SL,242050
KEL9X10,062801
KR10,242700
KR2,241100
KR2NIMONIC,008089
KR3,241300
KR4,241500
KR4SS,043300
KR6,242000
KR6 BLACK OXIDE,
KR6SSX10,002978
KR8,242400
KR9,242200
MC-241100,
MC-241200,
MC-241300,
MC-241400,
MC-241500,
MC-241600,
MC-241700,
MC-241800,
MC-241900,
MC-242000,
MC-242100,
MC-242200,
MC-242300,
MC-242400,
MC-242500,
MC-242600,
MC-242700,
MC-242800,
MC-242900,
MC-243000,
MC-243100,
MC-243200,
MC-243300,
MC-243400,
MC-243400-5,
MC-243500,
MC-243500-5,
MC-243600,
MC-243700,
MC-243800,
MC-243900,
MC-244000,
MC-244100,
MC-244200,
MC-244300,
MC-244400,
MC-244500,
MC-244600,
MC-244700,
MC-244800,
MC-245000,
MC-245100,
MC-245300,
MC-245400,
MC-245500,
MC-245600,
MC-HDS02,
MC-HDS02ZC,
MC-HDS03,
MC-HDS03ZC,
MC-HDS04,
MC-HDS04ZC,
MC-HDS05,
MC-HDS05ZC,
MC-HDS06,
MC-HDS06X7,
MC-HDS06ZC,
MC-HDS08,
MC-HDS08ZC,
MC-HDS10,
MC-HDS10ZC,
MC-HDS12,
MC-HDS12ZC,
MC-HDS16,
MC-HDS16ZC,
MC-HDS20,
MC-HDS20ZC,
MC-HDS24ZC,
MC-HDS27,
MC-HDS30,
MC-HS06ZC,
MC-S01.6SS-50,
MC-S01.6ZC,
MC-S02,
MC-S02.5,
MC-S02.5SS,
MC-S02.5ZC,
MC-S02SS,
MC-S02ZC,
MC-S03,
MC-S03.5,
MC-S03.5SS,
MC-S03.5ZC,
MC-S03SS,
MC-S03ZC,
MC-S04,
MC-S04SS,
MC-S04ZC,
MC-S05,
MC-S05SS,
MC-S05SS-50,
MC-S05ZC,
MC-S06,
MC-S06.35,
MC-S06.35SS,
MC-S06.35SS-10,
MC-S06.35ZC,
MC-S06SS-50,
MC-S06ZC,
MC-S07SS,
MC-S08,
MC-S08SS,
MC-S08ZC,
MC-S1.6,
MC-S10,
MC-S10SS,
MC-S10SS-5,
MC-S10ZC,
MC-S11.1,
MC-S11.1SS,
MC-S11.1ZC,
MC-S12,
MC-S12.7,
MC-S12.7SS,
MC-S12.7ZC,
MC-S12ZC,
MC-S14,
MC-S14SS,
MC-S14ZC,
MC-S16,
MC-S16SS,
MC-S16ZC,
MC-S18,
MC-S18SS,
MC-S18ZC,
MC-S19,
MC-S19SS,
MC-S19ZC,
MC-S20,
MC-S20SS,
MC-S20ZC,
MC-S22,
MC-S22SS,
MC-S22ZC,
MC-S24,
MC-S24ZC-5,
MC-S25.4,
MC-S25.4SS,
MC-S25.4ZC,
MC-S27,
MC-S27ZC,
MC-S30,
MC-S30SS,
MC-S30ZC,
MC-S36,
MC-S36SS,
MC-S36ZC,
S01.6,402300
S01.6PHBZ,403200
S01.6SS,403221
S01.6ZC,450000
S02,404400
S02.5,406800
S02.5PHBZ,407700
S02.5SS,407660
S02.5ZC,450200
S02PHBZ,405500
S02SS,405420
S02ZC,450100
S03,409400
S03 NATURAL FIN OIL,401263
S03.5,411200
S03.5PHBZ,412600
S03.5SS,412500
S03.5ZC,450400
S03.5ZY,
S03PHBZ,410800
S03SS,410750
S03X39,409404
S03ZC,450300
S03ZY,
S04,412700
S04 GAL ZINC,450510
S04PHBZ,414300
S04SS,414200
S04ZC,450500
S04ZC BULK,442014
S04ZY,
S05,414500
S05 MET.CLEAN OILED,401233
S05 NICKEL,415100
S05GEOMET-500 B,401501
S05PHBZ,416200
S05SS,416100
S05ZC,450600
S06,416300
S06.35,418100
S06.35PHBZ,419100
S06.35SS,418104
S06.35ZC,450800
S06GEOMET-500 B,401237
S06PHBZ,418000
S06SS,417900
S06ZC,450700
S07,419200
S07PHBZ,420300
S07SS,420290
S07ZC,450900
S08,420400
S08GEOMET-500 B,401238
S08PHBZ,422900
S08SS,422700
S08ZC,451000
S10,423000
S10GEOMET-500 B,401184
S10PHBZ,425000
S10SS,424900
S10ZC,451100
S11.1,425100
S11.1SS,425110
S11.1ZC,451200
S12,426200
S12.7,427900
S12.7PHBZ,429000
S12.7SS,428950
S12.7ZC,451400
S12F200INCONEL,
S12GEOMET,401265
S12GEOMET-500 B,401185
S12INCONEL718,400861
S12PHBZ,427800
S12SS,427600
S12ZC,451300
S14,429100
S14SS,430500
S14ZC,451500
S14ZY,
S16,430700
S16GEOMET,401186
S16SS,432200
S16ZC,451600
S16ZY,432002
S18,432400
S18SS,433650
S18ZC,451700
S18ZNFLAKE,460180
S18ZY,
S19,433800
S19SS,433821
S19ZC,451800
S20,435100
S20GEOMET500,401279
S20SS,436400
S20ZC,451900
S20ZY,436262
S22,436600
S22SS,437810
S22ZC,452000
S24,437900
S24SS,439091
S24ZC,452100
S24ZY,438962
S25.4,439200
S25.4SS,439170
S25.4ZC,452200
S27,440300
S27SS,441410
S27ZC,452300
S27ZY,442562
S30,441500
S30GEOMET500,
S30SS,442711
S30ZC,452400
S30ZNFLAKE,460300
S33,401292
S33ZC,401144
S33ZY,400125
S36,442730
S36SS,442790
S36ZC,452500
S36ZY,
S42,442795
SL03,401112
SL04,401055
SL05,401056
SL06,401225
SL08,401160
SL10,401057
SL12,401058
SLW02.5,
SLW03,
SLW03.5,
SLW04,
SLW05,
SLW06,
SLW08,
SLW10,
SLW12,
UV05,415900
UV06ZC,702299
VS05,414600
VS05PHBZ,
VS05SS,416201
VS05ZC,450650
VS06,416400
VS06-ZINC B695-00,
VS06DELTA,450700
VS06GEOMET,401245
VS06PHBZ,418010
VS06SS,418001
VS06ZC,450750
VS08,420500
VS08-ZINC B695-00,
VS08BLANK,422200
VS08DELTA,451070
VS08GEOMET,401168
VS08GEOMET500,401299
VS08ORX,
VS08PHBZ,422910
VS08SS,422901
VS08ZC,451050
VS10,423100
VS10-ZINC B695-00,
VS10DELTA,451080
VS10GEOMET,401169
VS10GEOMET500,401193
VS10PHBZ,425010
VS10SS,425020
VS10ZC,451150
VS11.1,400849
VS12,426300
VS12 PHOS AND OILED,427300
VS12-ZINC B695-00,
VS12GEOMET,401246
VS12GEOMET500,401191
VS12PHBZ,427810
VS12SS,427700
VS12ZC,451350
VS12ZY,427461
VS14,429200
VS14-ZINC B695-00,
VS14GEOMET,401247
VS14PHBZ,430650
VS14SPECIAL,400841
VS14SS,430660
VS14ZC,451550
VS14ZY,430359
VS16,430800
VS16-ZINC B695-00,
VS16GEOMET,401248
VS16GEOMET500,401142
VS16ORX,
VS16PHBZ,432310
VS16SS,430750
VS16ZC,451650
VS16ZNFLAKE,461160
VS18,432500
VS18GEOMET,400833
VS18SS,433621
VS18ZC,451750
VS18ZY,433559
VS20,435300
VS20-ZINC B695-00,
VS20GEOMET,401099
VS20GEOMET500,401277
VS20ORX,
VS20PHBZ,436505
VS20SS,435250
VS20ZC,451950
VS22,436700
VS22SS,436721
VS22ZC,452050
VS22ZY,
VS24,438000
VS24SS,438021
VS24ZC,452150
VS24ZY,438914
VS25.4,400974
VS25.4ZC,400737
VS27,440400
VS27-ZINC B695-00,
VS27SS,441420
VS27ZC,452350
VS27ZY,441279
VS30,441600
VS30SS,441621
VS30ZC,452450
VS30ZY,442563
VS33,401303
VS33ZC,401068
VS36ZC,401051
Z01,248500
Z01SSX10,008259
Z02,248600
Z03,248700
Z04,248800
Z05,248900
Z06,249000
Z07,249100
Z08,249200
Z09,249300
Z09 51CRV4,240005
Z09A,050210
Z09BARTELL,019103
Z09SSX12,050503
Z10,249400
Z11,
Z12,249600
Z12 NICKEL PLATED,
Z12A,249700
Z12A50CRV4,074250
Z12ASSX12,074203
Z12ASSX35,
Z12AZC,
Z12B,249800
Z12C,249900
Z12C NICKEL PLATED,
Z12CZC,074430
Z13,250000
Z13WILKERSON,005776
Z14,250100
Z15,250200
Z16,250300
Z17,250400
Z18,250500
Z18SSX10,009848
Z18ZC GE,015444
Z19,250600
Z20,250700
Z21,250800
Z22,250900
Z23,251000
Z24,251100
